	特定家電の比較サイト	2,400万円	400,000円	200円	400,000円	29,500	-	2016-07-22
	生活雑貨を借りたい人と貸したい人をマッチングするサイト	105万円	0円	3,000円	-3,000円	4,000	件	2016-07-19
	ホームページの人気作成ソフトの使い方を説明するサイト	25万円	11,717円	1,530円	10,187円	7,347	-	2016-07-10
	ブランド時計のカタログサイト	2万円	800円	0円	800円	2,365	-	2016-07-10
	高級時計のカタログサイト	2万円	460円	0円	460円	1,135	-	2016-07-10
	車の一括査定サイト	10万円	30,000円	1,000円	29,000円	1,500	-	2016-06-30
	某家庭用脱毛器のレビューサイト	50万円	0円	500円	-500円	0	-	2016-09-03
	ゴルフコンペ賞品専門サイト	400万円	1,000,000円	750,000円	250,000円	3,500	-	2016-09-02
	効果的な瞑想の方法などを紹介するサイト	6万円	0円	50円	-50円	200	-	2016-09-01
	症状や悩み別におすすめの漢方薬を紹介するサイト	6万円	0円	50円	-50円	160	-	2016-09-01
	格安スマホや格安simの比較サイト	400万円	279,733円	9,000円	270,733円	51,770	-	2016-08-29
	WiMAX2+の比較サイト	150万円	104,705円	1,000円	103,705円	3,500	-	2016-08-29
	動物の美容と健康のマッチングサイト	15万円	0円	500円	-500円	100	-	2016-08-27
	借金の1つの解決方法に特化したサイト	500万円	500,000円	105,000円	395,000円	17,000	-	2016-08-25
	引っ越し全般の情報サイト	400万円	84,275円	1,200円	83,075円	-	-	2016-08-23
	求人探しの方法や各種情報を提供するサイト	10万円	500円	100円	400円	500	-	2016-08-19
	【価格変更】地域特化型の求人広告サイト	3,000万円	7,500,000円	6,000,000円	1,500,000円	14,700	-	2016-08-08
	ランジェリー通販サイト	200万円	483,995円	169,618円	314,377円	41,715	-	2016-08-17
	サプリメントを扱うサイト	200万円	100,000円	12,000円	88,000円	5,300	-	2016-08-14
	ポケモンGOに関するキュレ―ションサイト	10万円	0円	540円	-540円	10,000	-	2016-08-11
	【価格変更】脱毛サイト42サイト売却	50万円	0円	2,000円	-2,000円	-	-	2016-07-29
	低価格路線のデータ復旧サービスサイト	60万円	150,000円	50,000円	100,000円	-	-	2016-08-03
	ごみを安く処分する方法をまとめたサイト	30万円	0円	0円	0円	729	-	2016-08-03
	趣味を紹介するメディア	100万円	0円	250,500円	-250,500円	50,000	-	2016-08-02
	フォロワー数18万超のダイエット・美容に特化したツイッターアカウント	300万円	300,000円	2,000円	298,000円	-	-	2016-08-01
	特定ジャンルの買取店紹介サイト	5万円	560円	425円	135円	390	-	2016-08-01
	債務整理のキュレーションサイト	200万円	0円	34,100円	-34,100円	5,035	-	2016-10-20
	東南アジア特定国に滞在する日本人向けの情報提供サイト	10万円	0円	32,400円	-32,400円	7,284	件	2016-10-19
	海外に英語で日本文化などを紹介するサイト	200万円	0円	0円	0円	400	件	2016-10-18
	サプリメントの商品レビューサイト_4	20万円	15,000円	1,000円	14,000円	1,160	-	2016-10-13
	化粧水の商品レビューサイト_2	20万円	20,000円	1,000円	19,000円	441	-	2016-10-13
	中古車一括査定の比較サイト_2	30万円	20,000円	1,000円	19,000円	149	-	2016-10-13
	中古車一括査定の比較サイト_1	20万円	17,000円	1,000円	16,000円	371	-	2016-10-13
	サプリメントの商品レビューサイト_3	25万円	24,000円	1,000円	23,000円	436	-	2016-10-13
	サプリメントの比較サイト_2	80万円	80,000円	1,000円	79,000円	1,075	-	2016-10-13
	サプリメントの商品レビューサイト_2	60万円	60,000円	1,000円	59,000円	3,182	-	2016-10-13
	サプリメントの商品レビューサイト_1	60万円	60,000円	1,000円	59,000円	2,267	-	2016-10-13
	サプリメントの比較サイト_1	30万円	20,000円	1,000円	19,000円	110	-	2016-10-13
	化粧水の商品レビューサイト_1	350万円	300,000円	1,000円	299,000円	7,663	-	2016-10-13
	なんでも実況Ｊを主としたまとめサイト	20万円	20,000円	0円	0円	600,000	-	2016-10-11
	転売に関する情報ブログ	150万円	40,000円	0円	40,000円	10,000	-	2016-10-06
	おもしろ動画投稿で会員数29,000人超のFBアカウント	30万円	7,500円	250円	7,250円	1,500	-	2016-10-06
	フリーランスになるためのノウハウや手順を紹介するサイト	20万円	20,000円	500円	19,500円	500	-	2016-09-25
	特定ビジネス関連の情報発信サイト	20万円	10,000円	400円	9,600円	8,000	-	2016-09-23
	FX比較サイト	280万円	105,670円	6,540円	99,130円	800	-	2016-09-22
	美容通信講座の販売サイト	1,800万円	1,010,000円	623,000円	387,000円	14,000	-	2016-09-15
	精力剤のレビューサイト_1	1,800万円	1,500,000円	1,500円	1,498,500円	140,000	-	2016-12-26
	外壁屋根塗装の集客用サイト	300万円	5,000,000円	4,000,000円	1,000,000円	12,000	件	2016-12-19
	クレジットカード現金化の業者比較サイト	33万円	30,000円	1,200円	28,800円	800	-	2016-12-16
	【価格変更】アルバイト登録サイトの比較サイト_6	10万円	5,000円	1,000円	4,000円	475	-	2016-10-13
	【価格変更】アルバイト登録サイトの比較サイト_5	10万円	5,000円	1,000円	4,000円	602	-	2016-10-13
	【価格変更】アルバイト登録サイトの比較サイト_4	10万円	5,000円	1,000円	4,000円	117	-	2016-10-13
	【価格変更】アルバイト登録サイトの比較サイト_3	10万円	5,000円	1,000円	4,000円	224	-	2016-10-13
	【価格変更】アルバイト登録サイトの比較サイト_2	10万円	5,000円	1,000円	4,000円	650	-	2016-10-13
	【価格変更】アルバイト登録サイトの比較サイト_1	10万円	5,000円	1,000円	4,000円	466	件	2016-10-13
	イベント情報のポータルサイト	150万円	750円	1,200円	-450円	6,500	-	2016-11-25
	某有名脱毛サロンの大型アフィリエイトサイト	60万円	14,000円	5,500円	9,500円	-	-	2016-11-21
	地方空港の情報を掲載しているサイト	30万円	1,000円	600円	400円	5,000	件	2016-11-08
	ネイル検定に関する情報サイト	10万円	0円	1,195円	-1,195円	1,891	件	2016-11-08
	【価格変更】自動車保険に関する情報と自動車保険会社比較サイト	10万円	0円	615円	-615円	10	件	2016-09-04
	【価格変更】ペット保険に関する情報とペット保険会社比較サイト	10万円	0円	615円	-615円	0	-	2016-09-04
	【価格変更】不妊治療に関する情報サイト	5万円	0円	745円	-745円	0	-	2016-09-04
	【価格変更】痛風の治療に関する情報サイト	10万円	0円	615円	-615円	0	-	2016-09-04
	【価格変更】生命保険の情報とネット保険の比較サイト	10万円	0円	625円	-625円	0	件	2016-09-04
	保険分野における国内唯一のFintech事業	850万円	0円	9,000円	-9,000円	5,000	-	2016-11-02
	海外有名ブランドのスニーカーの輸入通販サイト	30万円	120,000円	95,000円	25,000円	10,500	-	2016-10-24
	トレンドネタを扱うアフィリエイトサイト	80万円	45,000円	7,080円	37,920円	160,000	-	2017-02-22
	イーベイ輸出の情報発信サイト	10万円	0円	2,750円	-2,750円	605	-	2017-02-22
	LINEアプリの小技や使い方を解説しているサイト	70万円	30,000円	1,333円	28,677円	110,000	-	2017-02-22
	焼酎のランキングサイト	50万円	10,000円	500円	9,500円	20,000	-	2017-02-21
	車の売買に関する情報サイト	110万円	44,000円	125円	43,875円	12,080	-	2017-02-17
	渋谷に特化した地域掲示板	15万円	0円	5,000円	-5,000円	100	件	2017-02-16
	オリジナルアパレルブランドのＥＣサイト	42万円	1,900円	10,800円	-8,900円	500	-	2017-02-04
	ヤミ金対策ができる士業の紹介サイト	15万円	11,670円	3,330円	8,330円	892	件	2017-02-01
	有名プライベートジムのアフィリエイトサイト	150万円	105,000円	1,543円	103,457円	19,462	-	2017-01-31
	【価格変更】PS４ゲームソフトダークソウル3の攻略サイト	15万円	15,000円	900円	14,100円	73,331	-	2017-01-07
	【価格変更】バリ島の家具雑貨販売サイト	650万円	500,000円	101,000円	399,000円	20,000	-	2016-12-20
	女性向けキュレーションサイト	300万円	10,000円	20,000円	-10,000円	43,897	-	2017-01-23
	車の一括査定サイト	30万円	19,000円	0円	19,000円	170	-	2017-01-21
	換金可能なポイントサイト	150万円	1,300,000円	840,000円	460,000円	250,000	-	2017-01-20
	健康茶の情報＆ランキングサイト	800万円	350,000円	1,000円	349,000円	20,000	-	2017-01-18
	ガールズチャンネルのキュレーションサイト	60万円	30,000円	1,000円	29,000円	100,000	-	2017-01-17
	おすすめの漫画を紹介するサイト	2万円	100円	0円	100円	200	件	2017-01-17
	新規ゲームアプリの紹介サイト	2万円	100円	0円	0円	400	-	2017-01-17
	日本代表・Jリーグ・海外サッカーに関するウェブマガジン	180万円	20,000円	1,000円	19,000円	150,000	-	2017-01-17
	精力剤のレビューサイト_2	400万円	400,000円	1,500円	398,500円	12,000	-	2016-12-26
	会員制のゲイ専用のSNSサイト	60万円	0円	1,000円	-1,000円	2,000	-	2017-04-18
	ペット全般の情報サイト	220万円	83,000円	5,000円	78,000円	207,600	-	2017-04-12
	サービス付き高齢者向け住宅の紹介サイト	800万円	142,335円	209,380円	-67,045円	123,523	-	2017-04-11
	FX商材系のアフィリエイトサイト	200万円	50,000円	4,510円	45,490円	3,000	-	2017-04-10
	大学入学のための情報サイト	3万円	0円	500円	-500円	132	件	2017-04-04
	【価格変更】印鑑通販の老舗サイト	1,960万円	3,500,000円	2,700,000円	800,000円	100,000	-	2017-02-24
	男性向け恋愛サイト（Facebookページ＋外注記事575記事付）	200万円	0円	1,200円	-1,200円	9,941	-	2017-03-23
	人気ゲームアプリの攻略まとめサイト	45万円	59,500円	1,500円	58,000円	494,531	-	2017-03-23
	【価格変更】健食サプリメントの商品名サイト	60万円	48,000円	100円	47,900円	450	-	2017-03-09
	【価格変更】女性向けのキュレーションサイト	50万円	30,000円	1,000円	29,000円	65,000	-	2017-03-08
	【価格変更】人気ゲームアプリの攻略まとめサイト	75万円	111,613円	14,292円	97,321円	1,660,104	-	2017-03-13
	トレンド記事を中心とした情報サイト	1,250万円	500,000円	100円	499,900円	350,000	-	2017-03-10
	電子たばこに特化したサイト	350万円	141,000円	100円	140,900円	200,000	-	2017-03-10
	【価格変更】スマホアプリの使い方を説明するサイト	150万円	50,000円	1,000円	49,000円	194,000	-	2017-03-07
	スマホゲーム攻略サイト	30万円	300円	1,300円	-1,000円	3,564	-	2017-03-04
	雑記アフィリエイトサイト	80万円	40,500円	790円	39,710円	75,653	-	2017-03-03
	人間関係をテーマにした投稿サイト	50万円	3,000円	2,500円	500円	-	-	2017-03-01
	猫に関する知識を掲載したサイト	3万円	240円	1,080円	840円	485	-	2017-02-28
	女性向け情報サイト	400万円	61,592円	2,808円	58,784円	360,461	-	2017-02-27
	キャッシングに関するポータルサイト	200万円	127,520円	1,080円	126,440円	9,613	-	2017-02-26
	【価格変更】格安SIMの初心者向け解説サイト	102万円	42,720円	680円	42,040円	36,000	-	2017-06-25
	AKB48グループのまとめブログ	50万円	63,000円	0円	63,000円	682,000	-	2017-06-21
	VR機材のレンタルサービス	120万円	50,000円	30,000円	20,000円	1,500	-	2017-06-20
	【価格変更】男性の下半身の悩みを解決するサイト	8万円	0円	1,250円	-1,250円	700	-	2017-02-07
	ペット用防音ケージのECサイト	10,000万円	1,800,000円	950,500円	849,500円	10,000	-	2017-06-15
	中小消費者金融を紹介するサイト	40万円	0円	1,080円	-1,080円	-	-	2017-06-15
	某SFシリーズ映画の輸入玩具販売サイト	3,500万円	2,250,000円	1,350,000円	900,000円	60,000	-	2017-06-15
	移動販売車の手配仲介サイト	800万円	1,972,727円	1,715,917円	256,810円	23,892	-	2017-06-09
	入札情報の検索サービスを提供するサイト	150万円	230,000円	200,000円	30,000円	2,000	-	2017-06-01
	【価格変更】シリカ水のランキングサイト	70万円	43,364円	500円	42,864円	4,082	-	2017-05-09
	サプリメントの商品レビューサイト	350万円	374,544円	1,000円	373,544円	12,877	-	2017-05-22
	海外のオカルト情報を発信するサイト	110万円	58,400円	1,000円	57,400円	142,430	-	2017-05-18
	看護師の派遣（非常勤）に関する総合サイト	230万円	152,000円	1,000円	151,000円	4,223	-	2017-05-11
	看護師のバイト（非常勤）に関する総合サイト	30万円	16,000円	1,000円	15,000円	2,803	-	2017-05-11
	看護師の転職に関する総合サイト	135万円	75,000円	1,000円	74,000円	60,104	-	2017-05-11
	スマホアプリの攻略サイト	5万円	3,000円	1,200円	1,800円	2,287	件	2017-05-10
	オンライン韓国語のレッスンサイト	50万円	0円	3,888円	-3,888円	-	-	2017-04-24
	海外ファッションの通販サイト	980万円	3,300,000円	2,340,000円	960,000円	350,000	-	2017-04-24
	【価格変更】バッグ専門の海外ブランドECサイト	200万円	415,318円	214,265円	201,053円	68,536	-	2017-03-13
	【価格変更】家庭ゲームの攻略サイト	450万円	400,000円	31,200円	368,800円	2,000,000	-	2017-04-13
	特定ジャンルの人物紹介や芸能に近いネタのまとめサイト	22万円	10,000円	200円	9,800円	57,000	-	2017-08-31
	某漫画の考察・分析をしているファンブログ	54万円	50,000円	1,170円	48,830円	300,000	-	2017-08-30
	アプリ・ゲームの攻略サイト	60万円	50,000円	1,000円	49,000円	340,000	-	2017-08-21
	お腹に関する悩みサイト	200万円	53,000円	1,300円	51,700円	160,000	-	2017-08-18
	男性版のダイエット情報サイト	3万円	300円	350円	-50円	441	-	2017-08-10
	初音ミクやアニメの情報発信サイト	30万円	20,000円	1,500円	18,500円	200,000	件	2017-08-08
	【価格変更】芸能・イベント・生活ネタなどを扱うブログサイト	820万円	341,900円	1,080円	340,820円	642,132	-	2017-05-02
	ジュエリー専門のECサイト	50万円	75,000円	47,500円	27,500円	4,000	-	2017-07-31
	車の一括査定サイト（新車、中古車値引き、ニュース記事含む）	5万円	0円	500円	-500円	300	-	2017-07-31
	中古車一括査定のアフィリエイトサイト	180万円	58,000円	1,000円	57,000円	15,000	-	2017-07-26
	AGAクリニックのアフィリエイトサイト	75万円	32,000円	1,000円	31,000円	11,000	-	2017-07-26
	独自技術によるリアルタイムコミュニケーションサイト	応相談	0円	1,700円	-1,700円	300	-	2017-07-25
	お洒落なOL向けのオフィス雑貨の通販サイト	110万円	100,000円	50,000円	50,000円	1,000	-	2017-07-24
	小・中学生の塾活用に関する情報サイト	11万円	5,400円	400円	5,000円	3,155	-	2017-07-20
	人気ゲームアプリの情報まとめサイト	15万円	8,000円	200円	7,800円	82,000	件	2017-07-07
	ニュースまとめサービス	25万円	2,700円	200円	2,500円	141,279	-	2017-07-05
	看護学生や看護師への看護技術提供サイト	180万円	67,000円	400円	66,600円	271,537	-	2017-07-03
	出会い系アフィリエイトサイト	1,200万円	900,000円	31,000円	869,000円	15,000	-	2017-07-01
	地域密着のリフォーム会社の集客サイト	800万円	1,000,000円	755,000円	245,000円	3,000	件	2017-06-30
	芸能関連情報ブログ	1,000万円	540,000円	32,425円	507,575円	1,000,000	-	2017-06-29
	【価格変更】エンタメネタ中心のトレンドブログ	14万円	10,932円	4,130円	6,802円	42,082	9件	2017-09-13
	テレビドラマの概要や感想を載せるサイト	20万円	0円	1,000円	-1,000円	2,989	2件	2017-09-29
	ニキビ跡化粧水リプロスキンを中心としたランキングサイト	5万円	0円	1,050円	-1,050円	350	4件	2017-09-26
	【価格変更】人気ゲームシリーズのまとめブログ	20万円	9,600円	415円	9,185円	51,397	7件	2017-09-25
	WEB制作を安価で受注するサイト	24万円	100,000円	1,000円	99,000円	4,000	3件	2017-09-24
	【価格変更】ゴルフレッスンDVDのレビューサイト	45万円	21,000円	1,500円	19,500円	1,100	件	2017-08-28
	男性用化粧品の比較サイト	20万円	8,333円	306円	8,027円	1,700	6件	2017-09-19
	漫画のネタバレサイト	50万円	59,000円	1,000円	58,000円	60,000	5件	2017-09-17
	【価格変更】トレーニング用シャツの販売サイト	250万円	8,800,000円	7,570,000円	1,230,000円	414,293	-	2017-08-14
	実体験に基づいた看護師転職比較サイト	100万円	50,000円	2,500円	47,500円	20,000	2件	2017-09-14
	テレビ番組やグルメ、ニュースについてのブログ	55万円	55,000円	1,000円	54,000円	616,880	7件	2017-09-12
	ダイエット・美容商品として扱われることの多い「コンブチャ」に関するサイト	900万円	1,178,443円	1,980円	1,176,463円	65,558	11件	2017-09-12
	【価格変更】キャッシングの登録促進のサイト	50万円	40,000円	1,080円	38,920円	1,000	13件	2017-09-11
	ダイエット関連の商品の体験談を中心に書いているサイト	1,800万円	2,496,000円	1,187円	2,494,813円	-	11件	2017-09-08
	LINEミュージックに関するアフィリエイトサイト	15万円	0円	1,000円	-1,000円	1,074	-	2017-09-07
	アンチエイジングの情報発信サイト	300万円	100,000円	500円	99,500円	100,000	-	2017-09-07
	アイスブレイクのネタや研修を扱うサイト	800万円	200,000円	450円	199,550円	220,000	-	2017-09-07
	【価格変更】婚活アプリおよび結婚相談所を紹介するサイト	50万円	17,526円	59円	17,467円	6,446	19件	2017-08-22
	怒りを投稿するユーザー投稿型サイト	8万円	0円	1,000円	-1,000円	250	-	2017-09-04
	相談者と弁護士をマッチングするプラットフォーム	100万円	0円	1,000円	-1,000円	1,321	件	2017-09-02
	美容とアンチエイジングに関するブログ	30万円	0円	1,000円	-1,000円	16,037	20件	2017-10-29
	債務整理と闇金相談のサイト（2サイトセット）	170万円	145,000円	1,000円	144,000円	9,503	12件	2017-10-27
	特定ジャンルの芸能人にしぼったブログ	15万円	1,431円	260円	1,171円	6,716	2件	2017-10-27
	ドラマに特化したサイト	15万円	801円	260円	541円	2,493	5件	2017-10-27
	芸能人や著名人を中心としたエンタメブログ	30万円	5,184円	591円	4,593円	15,383	2件	2017-10-27
	依存症の治し方に関する情報サイト	20万円	10,040円	1,000円	9,040円	2,470	1件	2017-10-26
	肌トラブルに関連する美容ブログ	100万円	50,000円	1,187円	48,813円	5,992	6件	2017-10-24
	【価格変更】ふるさと納税の紹介サイト	690万円	350,000円	1,195円	348,805円	49,889	5件	2017-10-17
	株式投資の初心者向け情報サイト	5万円	250円	1,080円	-830円	-	5件	2017-10-18
	健康・美容系のブログ	240万円	99,507円	757円	98,750円	201,528	9件	2017-10-17
	仮想通貨の活用法に関するブログ	28万円	10,000円	300円	9,700円	4,900	20件	2017-10-15
	【価格変更】債務整理に関するアフィリエイトサイト	15万円	6,000円	1,000円	5,000円	1,287	5件	2017-10-05
	効果的なダイエット法をまとめたブログ	500万円	244,513円	1,000円	243,513円	579,665	7件	2017-10-11
	40代男性の筋トレについての情報サイト	35万円	15,000円	1,000円	14,000円	6,622	2件	2017-10-08
	健康や美容全般に関する情報サイト	2,500万円	5,000,000円	1,000円	4,999,000円	150,000	8件	2017-10-06
	時事ニュースを配信しているニュースサイト	300万円	378,000円	1,200円	376,800円	890,000	11件	2017-10-06
	男性器の悩みに関するサイト	34万円	18,000円	1,000円	17,000円	7,900	7件	2017-10-05
	【価格変更】職種に特化した転職ジャンルのアフィリエイトサイト	200万円	98,410円	648円	97,762円	12,374	3件	2017-10-02
	ぽっちゃりさんのための婚活サイト	10万円	0円	540円	-540円	100	2件	2017-10-04
	デートのテクニックやファッション指南のサイト	40万円	42,250円	250円	42,000円	73,324	6件	2017-10-02
	美容・ダイエットを中心とした女性向け情報サイト	15万円	5,363円	1,180円	4,185円	8,531	4件	2017-11-16
	成人男性向け恋愛ノウハウの情報サイト	180万円	0円	1,100円	-1,100円	120,622	4件	2017-11-16
	【価格変更】お金に関する情報サイト	50万円	29,449円	1,195円	28,454円	3,884	15件	2017-11-06
	【価格変更】美容・ダイエット・着圧レギンスなどの紹介ブログ	340万円	405,000円	2,000円	403,000円	15,861	11件	2017-10-24
	美容・健康・グルメを中心とした女性向け情報ブログ	390万円	303,351円	1,000円	302,351円	613,084	8件	2017-11-15
	【価格変更】アマゾン食品、雑貨の通販サイト	600万円	2,000,000円	1,600,000円	400,000円	-	-	2016-10-06
	株の初心者に向けた情報サイト	200万円	121,448円	1,200円	120,248円	34,000	20件	2017-11-14
	サブスクリプション型のアフィリエイトサイト	200万円	69,200円	1,000円	68,200円	2,500	3件	2017-11-13
	【価格変更】単一漫画の感想、考察、分析などをしているブログ	20万円	17,400円	1,300円	16,100円	192,400	15件	2017-09-21
	ビットコインや仮想通貨に関する情報サイト	3,000万円	2,000,000円	201,000円	1,799,000円	100,000	11件	2017-11-10
	街コンで彼女・彼氏を作るためのサイト	50万円	0円	1,200円	-1,200円	14,000	1件	2017-11-10
	お金を稼ぐ方法やネットビジネスに関する情報サイト	800万円	2,000,000円	10,000円	1,990,000円	-	9件	2017-11-10
	有名人の情報をコンパクトにまとめたサイト	6万円	0円	1,213円	-1,213円	6,886	2件	2017-11-10
	PPC広告費の3～5倍収益を上げるアドセンスサイト	300万円	150,000円	32,000円	118,000円	30,000	7件	2017-11-09
	ギャル系ブランド衣類、服飾小物の通販サイト	50万円	49,676円	17,491円	32,185円	6,806	6件	2017-11-07
	外壁塗装の集客サイト	50万円	5,000,000円	4,250,000円	750,000円	4,634	3件	2017-11-07
	クラウド型のお礼状作成・送付サービス	50万円	30,000円	5,000円	25,000円	800	2件	2017-11-05
	妊活や出産・産後のケアに関するサイト（7サイトセット）	39万円	19,284円	1,080円	18,204円	1,233	7件	2017-11-03
	ポケットwifiのキャンペーンを比較するサイト	250万円	101,863円	9,080円	92,783円	5,862	2件	2017-11-02
	美容・健康に関する情報サイト	60万円	27,155円	1,000円	26,155円	55,511	4件	2017-11-01
	浮気調査の探偵情報サイト	60万円	23,123円	1,195円	21,928円	506	5件	2017-12-01
	【価格変更】芸能人に関する情報ブログ	50万円	79,560円	1,000円	78,560円	60,916	22件	2017-10-27
	話題のk-popアイドルを紹介するサイト	200万円	119,545円	540円	119,005円	414,832	5件	2017-11-30
	【価格変更】トレンド系の情報を発信しているサイト	30万円	30,685円	500円	30,185円	90,444	15件	2017-11-24
	酵素ドリンクダイエットの紹介サイト	20万円	0円	1,180円	-1,180円	200	5件	2017-11-29
	犬のブリーダーの検索サイト	80万円	1,000円	5,400円	-4,400円	3,000	0件	2017-11-28
	年商2000万円超の記事作成代行サービス	2,160万円	2,379,945円	1,479,945円	900,000円	4,000	1件	2017-11-28
	PPC広告で約25万円の収益をだすアドセンスサイト	550万円	500,000円	250,000円	250,000円	184,000	6件	2017-11-28
	【価格変更】犬に関する幅広いニュースを扱うサイト	200万円	50,579円	2,000円	48,579円	152,480	15件	2017-11-24
	運営歴半年の男性向け恋愛・ファッションメディア	100万円	30,000円	3,000円	27,000円	120,000	7件	2017-11-24
	サラリーマン向きの株式投資方法について解説したサイト	25万円	4,545円	1,186円	3,359円	1,407	8件	2017-11-24
	細胞再生成分（美容・薄毛等）について解説しているサイト	45万円	2,000円	1,597円	403円	1,874	0件	2017-11-24
	【価格変更】漫画記事の評判や感想をまとめたブログ	30万円	10,200円	200円	10,000円	6,298	2件	2017-11-14
	完全ホワイトの雑記ブログサイト	55万円	22,729円	1,000円	21,729円	11,000	2件	2017-11-22
	仮想通貨初心者向けの情報サイト	3,500万円	800,000円	1,500円	798,500円	90,000	8件	2017-11-21
	世間で話題のニュースを扱ったニュースサイト	150万円	180,529円	1,195円	179,334円	546,977	4件	2017-11-20
	工具の使い方やDIY使用例の紹介サイト	60万円	18,000円	1,300円	16,700円	44,600	2件	2017-11-20
	仮想通貨の取引所の比較ランキングサイト	300万円	87,300円	500円	86,800円	10,000	3件	2017-11-20
	転職情報を発信しているホワイトハットサイト	1,200万円	453,876円	49,321円	404,555円	114,527	7件	2017-11-17
	美容やヘルスケアに関する情報サイト	110万円	52,644円	1,080円	51,564円	192,352	26件	2017-11-16
	ピアノ買取に関する情報サイト	8万円	3,000円	100円	2,800円	4,545	3件	2017-12-22
	【価格変更】月間売上30万円のバイラル系サイト	320万円	297,000円	1,000円	296,000円	2,800,000	10件	2017-12-13
	鼻づまりの解消方法に関するサイト	15万円	0円	150円	-150円	30	1件	2017-12-19
	男性用ボディソープのランキングサイト	20万円	800円	500円	300円	300	0件	2017-12-18
	男女の恋愛ノウハウを集めたブログメディア	200万円	80,225円	655円	79,570円	225,342	19件	2017-12-18
	【価格変更】乳酸菌サプリの公式販売サイト	400万円	460,000円	148,000円	312,000円	1,880	4件	2017-12-18
	男性のコンプレックスに関するオウンドメディア	55万円	0円	1,800円	-1,800円	6,181	9件	2017-12-17
	自動車一括査定のアフィリサイト	85万円	50,982円	15,372円	35,610円	4,050	2件	2017-12-15
	オリジナル腕時計が制作できるサイト	324万円	200,000円	139,000円	61,000円	5,725	1件	2017-12-13
	仮想通貨のマイニングに関する情報サイト	1,620万円	410,000円	2,700円	407,300円	34,000	4件	2017-12-13
	保険の総合情報サイト	420万円	341,300円	500円	340,800円	30,000	20件	2017-12-12
	アニメの聖地巡礼に関する情報サイト	95万円	20,000円	7,250円	12,750円	12,000	1件	2017-12-11
	特定の業種に絞った求人マッチングサイト	50万円	0円	515円	-515円	3,000	7件	2017-12-11
	自動で記事更新可能なポータルサイト	100万円	0円	515円	-515円	0	2件	2017-12-11
	妊活サプリや情報商材を紹介するアフィリサイト	20万円	0円	1,200円	-1,200円	71	0件	2017-12-09
	【価格変更】サラシアを含有するサプリの紹介サイト	8万円	0円	490円	-490円	50	2件	2017-12-01
	ダイエットに関する情報サイト	10万円	6,000円	1,000円	5,000円	16,868	19件	2017-12-05
	妊娠・出産に関する情報サイト	200万円	99,000円	1,000円	98,000円	291,882	15件	2017-12-05
	紹介営業のプラットフォームサイトおよび集客用サイト	380万円	0円	5,000円	-5,000円	23,000	0件	2017-12-05
	株式投資（IPO）に特化した情報サイト	25万円	3,500円	1,000円	2,500円	6,785	2件	2017-12-04
	【価格変更】英会話学校の比較・紹介サイト	80万円	16,600円	1,700円	14,900円	730	5件	2018-01-09
	生活のまめ知識をまとめているサイト	8万円	2,789円	1,195円	1,594円	9,334	5件	2018-01-13
	ホワイトSEOの雑記ブログサイト	20万円	10,000円	1,000円	9,000円	28,458	5件	2018-01-10
	介護転職のランキングサイト	120万円	40,032円	1,187円	38,845円	3,123	5件	2018-01-10
	仮想通貨FXの初心者向け情報サイト	360万円	272,492円	521円	271,971円	30,000	7件	2018-01-10
	四季のイベントなどの情報をお届けするブログ	80万円	38,000円	1,000円	37,000円	72,000	4件	2018-01-09
	FXのアフィリエイトサイト	100万円	33,650円	31,000円	2,650円	7,282	5件	2018-01-09
	メンズファッションブランドの公式ECサイト	1,000万円	600,000円	163,580円	436,420円	30,000	0件	2018-01-09
	メンズアパレル、古着、服飾雑貨のECサイト	50万円	70,000円	36,500円	33,500円	3,600	4件	2018-01-09
	格安SIMのアフィリエイトサイト	100万円	37,690円	5,500円	32,190円	5,926	1件	2018-01-09
	ポケットワイファイのアフィリエイトサイト	320万円	134,000円	1,500円	132,500円	5,000	2件	2018-01-09
	【価格変更】スマホゲーム関連情報を提供しているサイト	1,900万円	2,640,000円	3,500円	2,636,500円	730,000	9件	2017-11-01
	アフィリエイト用WordPressテーマ販売権譲渡	600万円	300,000円	18,300円	281,700円	2,189	4件	2017-12-29
	様々な物・サービスを紹介するサイト	150万円	60,000円	1,000円	59,000円	128,811	9件	2017-12-29
	子供や母親向けの手作り情報サイト	1,200万円	462,222円	7,006円	455,216円	2,532,058	11件	2017-12-28
	脱毛サロンのアフィリエイトサイト	100万円	75,000円	500円	74,500円	1,000	4件	2017-12-26
	債務整理のアフィリエイトサイト	150万円	30,000円	500円	29,500円	100	3件	2017-12-26
	家出人捜索・人探しの情報サイト	6万円	0円	200円	-200円	21	1件	2017-12-26
	野菜宅配サービスの比較サイト	8万円	640円	198円	442円	1,123	3件	2017-12-26
	【価格変更】男性コンプレックス矯正器具の紹介サイト	80万円	51,500円	610円	50,890円	4,100	2件	2017-12-21
	映画・ドラマ・アニメ・バラエティの紹介サイト	300万円	99,623円	1,072円	98,551円	20,000	2件	2018-02-13
	血液透析関連の情報発信サイト	200万円	35,240円	525円	34,715円	91,000	1件	2018-02-13
	大阪府でaga治療を考えている方向けの情報サイト	300万円	99,360円	300円	99,060円	1,364	2件	2018-02-07
	【価格変更】仮想通貨取引所の比較サイト	150万円	1,000,000円	701,000円	299,000円	3,000	3件	2018-02-05
	過払い金の相談先事務所のランキングサイト	150万円	99,466円	1,200円	98,266円	1,926	5件	2018-02-06
	話題のニュースなどの発信サイト	15万円	5,000円	500円	4,500円	38,900	13件	2018-02-05
	Youtuberをジャンル別に紹介するサイト	5万円	0円	540円	-540円	300	4件	2018-01-31
	女性の薄毛・育毛ケアのランキングサイト	5万円	0円	1,000円	-1,000円	62	2件	2018-01-26
	【価格変更】転職ノウハウや体験談を掲載したサイト	12,000万円	2,300,000円	1,180円	2,300,000円	231,600	3件	2017-09-21
	トレンド系の情報を発信しているサイト	35万円	40,672円	1,296円	39,376円	114,331	11件	2018-01-24
	アニメ動画のリンク紹介サイト	2,300万円	800,000円	1,080,000円	-280,000円	3,888,797	0件	2018-01-24
	初心者向けの仮想通貨情報発信サイト	1,350万円	1,500,000円	1,000円	1,499,000円	8,468	4件	2018-01-20
	盗聴器の発見方法についての紹介サイト	8万円	0円	180円	-180円	3,810	3件	2018-01-19
	育毛剤の体験談サイト	36万円	14,771円	1,196円	13,575円	1,393	1件	2018-01-19
	【価格変更】売主目線で書いたマンション売却サイト	58万円	24,685円	1,195円	23,490円	3,000	2件	2018-01-13
	F1層向けのメディアサイト	2,500万円	503,320円	141,860円	361,460円	1,713,821	4件	2018-01-18
	介護業界の情報発信サイト	300万円	61,489円	416円	61,073円	22,183	3件	2018-01-17
	【価格変更】日用品を扱うAmazonアカウント	250万円	2,660,618円	2,254,783円	405,835円	18,947	11件	2017-10-03
	仮想通貨の投資ブログ	3,250万円	1,283,695円	34,294円	1,249,401円	75,228	1件	2018-01-15
	【価格変更】光回線やプロバイダなどの情報サイト	250万円	108,108円	1,296円	106,812円	174,843	3件	2018-01-10
	Amazonギフト券等の買取のアフィリエイトサイト	500万円	205,000円	3,000円	202,000円	12,000	1件	2018-03-05
	【価格変更】FXの口座開設に特化したサイト	60万円	0円	1,000円	-1,000円	-	3件	2018-02-02
	人気ゲームアプリの攻略まとめサイト	5万円	7,089円	880円	6,209円	119,259	11件	2018-03-05
	【価格変更】トレンド情報をあつかった完全ホワイトサイト	25万円	74,300円	1,000円	73,300円	139,000	35件	2017-12-01
	介護職員初任者研修講座のアフィリサイト	200万円	32,000円	150円	31,850円	1,282	1件	2018-03-02
	【価格変更】運営歴4年、評価数80のアマゾンショップ	79万円	265,622円	199,217円	66,405円	-	3件	2018-01-31
	犬に関する情報サイト	290万円	120,000円	1,200円	118,800円	75,771	10件	2018-03-01
	商品の口コミ・評判や体験談を集めたサイト	1,500万円	1,074,348円	101,080円	973,268円	200,000	6件	2018-02-28
	ワキガ対策のアフィリエイトサイト	2,500万円	1,764,139円	51,080円	1,713,059円	100,000	4件	2018-02-28
	仮想通貨・ブロックチェーンに関する情報サイト	1,000万円	400,000円	107,000円	293,000円	15,500	3件	2018-02-27
	債務整理・借金問題に関する情報サイト（2サイトセット）	300万円	95,593円	11,297円	84,296円	1,723	1件	2018-02-27
	全身脱毛サロンの情報サイト（サテライトサイト付）	350万円	156,000円	8,800円	130,000円	880	3件	2018-02-27
	46万人のファンがいるバイラルメディア	3,000万円	1,080,000円	30,000円	1,050,000円	165,177	2件	2018-02-27
	塾の選び方などを説明するサイト	10万円	0円	1,000円	-1,000円	3,614	7件	2018-02-23
	日焼け止めサプリメントの比較サイト	2万円	847円	1,195円	-348円	11	4件	2018-02-22
	バストアップ教材の比較ランキングサイト	3万円	2,375円	1,195円	1,180円	53	4件	2018-02-22
	口臭対策グッズのレビューサイト	13万円	5,589円	1,187円	4,402円	165	6件	2018-02-22
	名古屋でaga治療を考えている方向けの情報サイト	420万円	254,370円	200円	254,170円	938	2件	2018-02-16
	仮想通貨初心者のための解説サイト	1,500万円	1,564,200円	1,093円	1,563,107円	25,463	3件	2018-02-13
	ダイエットや筋トレ・加圧シャツに関する情報サイト	350万円	301,000円	2,734円	298,266円	5,500	7件	2018-02-13
	女性を対象とした野菜・健康テーマのメディア	70万円	15,120円	1,080円	14,040円	21,525	6件	2018-03-27
	恋愛系の情報教材アフィリエイトサイト	90万円	30,000円	1,080円	28,920円	14,000	3件	2018-03-27
	主婦を対象とした洗濯・掃除の総合メディア	120万円	6,619円	1,080円	5,539円	26,357	4件	2018-03-26
	女性の顔の産毛クリームの紹介サイト	250万円	82,000円	674円	81,326円	3,078	3件	2018-03-22
	【価格変更】主に仮想通貨の情報に関する雑記サイト	50万円	107,404円	1,431円	105,973円	37,139	17件	2018-02-17
	【価格変更】ダイエットのコミュニティサイト	40万円	411円	1,944円	-1,533円	10,000	13件	2018-01-31
	法事法要に僧侶を派遣するサービス	500万円	175,000円	147,000円	28,000円	8,100	2件	2018-03-19
	爪を噛む癖を治したい人（特に女性）向けのサイト	56万円	55,000円	1,080円	53,920円	32,773	11件	2018-03-16
	自動車保険の見積りの比較サイト	90万円	45,000円	2,280円	42,720円	2,240	10件	2018-03-16
	格闘ゲームに関する情報サイト	40万円	3,500円	2,515円	985円	136,152	0件	2018-03-15
	育毛や美容など様々なジャンルのアフィリサイト	720万円	593,819円	45,341円	548,478円	58,073	3件	2018-03-15
	【価格変更】看護師求人に関する情報サイト（6サイト）	150万円	109,000円	2,500円	106,500円	525	6件	2018-03-09
	車査定のアフィリエイトサイト	2,000万円	662,921円	12,196円	650,725円	435,799	1件	2018-03-12
	自動車保険のアフィリエイトサイト	2,300万円	771,253円	128,696円	642,557円	407,532	3件	2018-03-12
	【価格変更】女性の美容や悩みへ訴求する情報サイト	290万円	170,000円	1,000円	169,000円	4,200	15件	2018-02-16
	【価格変更】LINE・インスタなどSNSの使い方の解説サイト	34万円	16,000円	1,296円	14,704円	47,000	10件	2018-02-20
	ゴルフ上達のための情報サイト	50万円	10,000円	150円	9,850円	6,000	9件	2018-03-06
	レーシックに関するメディアサイト	1,000万円	579,000円	55,000円	524,000円	77,900	2件	2018-03-06
	【価格変更】ウォーターサーバーのレビューサイト	30万円	9,500円	1,404円	8,096円	3,124	5件	2018-03-02
	かっこいい男を目指す男性のためのメディア	140万円	90,213円	1,200円	89,013円	40,000	12件	2018-03-05
	【価格変更】男性ユーザーメインの漫画アプリ	650万円	680,000円	330,000円	350,000円	1,500,000	4件	2018-04-02
	女性の薄毛改善に役立つ情報サイト	20万円	0円	1,200円	-1,200円	69	4件	2018-04-09
	国内旅行に関するお得な情報を発信するブログ	30万円	4,000円	1,000円	3,000円	13,000	4件	2018-04-09
	【価格変更】インドネシア直輸入のインテリア商品販売サイト	480万円	200,000円	1,000円	199,000円	10,000	3件	2018-04-09
	【価格変更】ダイエット・美容商材に特化した情報サイト	120万円	100,000円	500円	99,500円	2,423	15件	2018-03-20
	【価格変更】チャットレディの求人サイト	38万円	2,500,000円	1,500,000円	1,000,000円	1,000	16件	2017-09-15
	PS4のゲームソフトを紹介するサイト	25万円	1,000円	500円	500円	1,000	0件	2018-04-05
	妖怪ウォッチグッズの紹介サイト	25万円	2,000円	500円	1,500円	5,500	0件	2018-04-05
	看護師の転職に関する情報サイト	15万円	118円	1,080円	-962円	511	2件	2018-04-05
	運営歴10年のネイル用品通販サイト	500万円	346,147円	209,000円	137,147円	14,000	3件	2018-04-04
	タイ輸入食材の専門オンラインショップ	300万円	400,000円	203,438円	196,562円	9,333	1件	2018-04-03
	Youtube洋楽動画まとめ2サイト	40万円	0円	1,000円	-1,000円	750	2件	2018-04-03
	乃木坂のまとめサイト	15万円	500円	0円	500円	7,170	1件	2018-04-03
	AKB48のまとめサイト	65万円	15,000円	1,000円	14,000円	275,725	5件	2018-04-02
	妊婦の悩みを解消するための情報サイト	200万円	36,000円	700円	35,300円	-	1件	2018-04-02
	ホストクラブ・ホスト関連のまとめサイト	240万円	0円	2,143円	-2,143円	132,485	2件	2018-04-02
	WordPressに関する情報ポータルサイト	70万円	1,555円	1,080円	470円	8,600	1件	2018-04-02
	旦那の浮気（浮気調査）に関する情報サイト	250万円	112,783円	1,080円	111,703円	60,000	4件	2018-04-02
	葬儀にまつわる情報サイト	10万円	1,000円	600円	400円	5,000	22件	2018-03-29
	画像掲示板サイト	25万円	2,000円	1,540円	460円	84,161	1件	2018-03-29
	【価格変更】有名美容ブランドの美容器具情報サイト	90万円	75,331円	1,215円	74,116円	8,957	12件	2018-04-04
	【価格変更】人気スマホゲームの攻略情報まとめサイト	10万円	99円	300円	-201円	1,970	2件	2018-04-02
	身長・成長に関する情報をまとめたアフィリサイト	200万円	35,712円	1,000円	34,712円	24,913	0件	2018-05-08
	無料で姓名判断を行える占いサイト	3,000万円	100,000円	30,000円	70,000円	3,500,000	1件	2018-05-07
	フリーター向けの就職アフィリサイト	100万円	15,000円	1,000円	14,000円	6,000	3件	2018-05-07
	【価格変更】仮想通貨初心者向けのアフィリサイト	25万円	2,000円	1,000円	1,000円	2,552	7件	2018-05-01
	【価格変更】ソーシャルレンディングのアフィリサイト	100万円	10,000円	1,200円	8,800円	180	0件	2018-05-01
	【婚活全般情報サイト】完全オリジナルで執筆200記事	100万円	5,000円	300円	4,700円	23,000	2件	2018-05-02
	格安航空会社LCCの情報まとめサイト	50万円	30,000円	1,080円	28,920円	40,000	7件	2018-05-01
	年金制度に特化したアドセンスサイト(2サイトセット)	240万円	96,000円	1,400円	94,600円	207,600	10件	2018-04-28
	ディズニー・USJに特化したアドセンスサイト（2サイトセット）	105万円	51,500円	11,000円	40,500円	190,490	19件	2018-04-25
	スキンケアクリームのアフィリエイトサイト	150万円	39,600円	1,500円	38,100円	3,024	2件	2018-04-23
	不動産売却のアフィリエイトサイト	120万円	50,000円	540円	49,460円	2,008	6件	2018-04-22
	青汁のアフィリエイトサイト	150万円	22,155円	1,080円	21,075円	13,356	1件	2018-04-19
	女性目線で書いたまつげケアとまつげ美容液の紹介サイト	96万円	34,648円	1,080円	33,568円	20,000	1件	2018-04-16
	全身脱毛のアフィリエイトサイト	200万円	120,000円	1,550円	118,450円	400	1件	2018-04-15
	30代女性のためのブログ型情報サイト	25万円	1,300円	500円	800円	4,358	3件	2018-04-13
	ワードプレスの使い方やSEOの知識の解説サイト	40万円	7,000円	1,000円	6,000円	7,000	3件	2018-04-13
	ガジェットのレビューサイト	35万円	35,000円	1,000円	34,000円	60,000	4件	2018-04-11
	人気ソーシャルゲームのまとめ系速報ブログ	20万円	15,000円	1,296円	13,704円	150,000	4件	2018-04-11
	【価格変更】季節ネタを扱う雑記ブログ	250万円	106,000円	1,300円	104,700円	231,918	7件	2018-05-21
	【価格変更】話題になりそうなニュースを扱う情報サイト	25万円	18,482円	1,300円	17,182円	48,154	7件	2018-05-21
	【価格変更】犬に関連する総合サイト	290万円	92,002円	400円	91,602円	195,095	15件	2018-05-02
	男性特有の悩みに関するサイト（2サイトセット）	20万円	25,000円	500円	24,500円	178	5件	2018-05-27
	デリケートゾーンに関するサイト（3サイトセット）	10万円	3,860円	500円	3,360円	655	5件	2018-05-27
	【価格変更】格安SIMの紹介・比較サイト	90万円	53,000円	16,000円	37,000円	24,000	6件	2018-03-14
	30代、40代のための転職サイト	10万円	1,400円	500円	800円	2,869	4件	2018-05-24
	フラメンコの踊り方に関するアフィリサイト	10万円	6,900円	500円	6,400円	1,100	3件	2018-05-24
	結婚式を控えている新郎新婦をターゲットにしたサイト	150万円	112,000円	1,180円	110,820円	8,600	4件	2018-05-24
	【価格変更】恋愛や結婚の悩みに関する情報サイト	210万円	58,000円	560円	57,440円	80,752	7件	2018-05-21
	大人の男女向けメディア（株式譲渡）	2,000万円	1,700,000円	200,000円	1,500,000円	2,500,000	11件	2018-05-22
	【価格変更】女性用化粧品のアフィリエイトサイト（3サイトセット）	95万円	44,622円	3,734円	40,888円	668	7件	2018-05-07
	【価格変更】漫画買取サイトの紹介サイト	10万円	3,250円	540円	2,710円	500	3件	2018-04-02
	【価格変更】より良い仕事や働き方を提案する情報サイト	50万円	13,500円	540円	12,960円	500	4件	2018-03-30
	二重整形クリニックのランキングサイト	80万円	50,000円	135円	49,865円	24,000	11件	2018-05-18
	【価格変更】薄毛全般に関する情報サイト	2,300万円	1,135,000円	343,000円	792,000円	91,000	2件	2018-03-05
	【価格変更】肌トラブルに関連する美容ブログ	50万円	36,291円	1,187円	35,104円	4,718	12件	2018-04-18
	国内最大級の短歌の投稿SNSサイト	300万円	0円	4,220円	-4,220円	260,000	2件	2018-05-16
	【価格変更】キャッシングのアフィリエイトサイト	50万円	0円	1,080円	-1,080円	10,945	8件	2018-05-01
	家事や季節ネタなど生活に関する知恵の紹介サイト	310万円	136,852円	1,080円	135,772円	242,938	6件	2018-05-14
	転職の1分野に特化したアフィリエイトサイト	150万円	66,960円	1,500円	65,460円	83,000	6件	2018-06-14
	無料で読める漫画アプリ	216万円	90,000円	50,000円	40,000円	-	1件	2018-06-12
	【価格変更】某デオドラントクリームに特化した情報サイト	190万円	416,880円	1,734円	415,146円	2,962	15件	2018-06-04
	仮想通貨取引所のアフィリエイトサイト	20万円	0円	1,000円	-1,000円	0	8件	2018-06-11
	戦隊ものに特化したホワイトSEOサイト	20万円	6,140円	2,808円	3,332円	7,965	1件	2018-06-11
	妊娠に関するお役立ち情報サイト	80万円	21,919円	1,080円	20,829円	24,000	9件	2018-06-11
	爪水虫の用品に関するランキングサイト	320万円	267,628円	1,080円	266,548円	24,000	5件	2018-06-11
	【価格変更】Wordpressのプラグイン紹介公式サイト	230万円	54,000円	630円	53,370円	300	2件	2018-06-06
	ふるさと納税の解説サイト	200万円	107,348円	5,591円	101,757円	17,807	9件	2018-06-05
	Mac、iPhone、Webサービスの使い方の説明サイト	55万円	30,259円	1,080円	29,179円	92,377	8件	2018-06-05
	ミニマリストに興味がある女性向けファッションサイト	50万円	26,000円	500円	25,400円	31,000	4件	2018-06-04
	iPhoneの使い方の解説サイト	15万円	10,000円	1,620円	8,380円	18,000	10件	2018-06-04
	galaxyの使い方の解説サイト	20万円	10,000円	1,620円	8,380円	11,000	5件	2018-06-04
	スマートフォンの使い方の解説サイト	40万円	15,000円	270円	14,730円	23,000	7件	2018-06-04
	【価格変更】高級ペットフードのレビューサイト	55万円	47,545円	500円	47,045円	640	5件	2018-06-04
	【価格変更】糖質制限に関するホワイトハットサイト	200万円	67,000円	3,000円	64,000円	37,459	6件	2018-02-07
	子供の健康トラブルを解決するヒントを紹介したサイト	30万円	8,000円	1,789円	6,211円	18,460	9件	2018-06-01
	【価格変更】開運まとめ記事に特化したWordpressサイト	120万円	40,000円	22,000円	18,000円	127,000	13件	2018-05-09
	オーガニックコスメに関するサイト	50万円	14,059円	543円	13,516円	2,486	4件	2018-05-30
	【価格変更】債務整理や過払い金返還に特化したアフィリサイト	280万円	131,000円	5,000円	126,000円	3,889	5件	2018-04-20
	【価格変更】白髪用ヘアカラートリートメントの紹介サイト	900万円	689,660円	26,080円	663,580円	33,000	4件	2018-06-26
	神社やお寺の御朱印を紹介するブログ	15万円	214円	1,080円	-866円	2,129	8件	2018-06-27
	30代・40代の女性向けファッションウェブマガジン	25万円	0円	500円	-500円	1,500	7件	2018-06-26
	税金、ふるさと納税、育児等の解説サイト	30万円	20,000円	1,190円	18,810円	32,500	17件	2018-06-26
	自毛植毛に特化したアフィリエイトサイト	20万円	0円	800円	-800円	-	1件	2018-06-26
	【価格変更】飲食・美容院などのお店検索&予約サイト	150万円	0円	1,000円	-1,000円	0	2件	2018-04-13
	Yahooプロモーションを活用したアドセンス収益ブログ	350万円	160,423円	64,200円	96,223円	31,253	6件	2018-06-25
	光目覚まし時計の購入方法を紹介したサイト	5万円	14,680円	1,000円	13,680円	300	13件	2018-06-21
	スマートウォッチの買取店紹介サイト	5万円	1,705円	1,080円	625円	4,054	6件	2018-06-19
	白髪対策サプリメントのアフィリサイト	25万円	5,000円	580円	4,420円	833	3件	2018-06-19
	クレジットカードのアフィリサイト	140万円	50,000円	1,000円	49,000円	10,000	6件	2018-06-19
	車検切れの車の買取アフィリサイト	45万円	15,360円	1,000円	14,360円	1,667	4件	2018-06-19
	住宅用太陽光発電に関する情報サイト	500万円	81,367円	7,200円	74,167円	5,800	0件	2018-06-19
	ウォーターサーバーの比較サイト	350万円	130,000円	1,000円	129,000円	6,200	4件	2018-06-19
	【価格変更】不動産一括査定サイトのアフィリサイト	45万円	0円	400円	-400円	500	8件	2018-06-13
	ドックフードに関する比較サイト	40万円	3,500円	380円	3,120円	1,300	1件	2018-06-18
	全身脱毛の比較情報サイト	498万円	170,000円	3,050円	166,950円	735	1件	2018-06-18
	GalaxyS8の使い方の解説サイト	20万円	6,000円	100円	5,900円	10,000	3件	2018-06-18
	仮想通貨取引所・ICO・アルトコインの紹介サイト	120万円	500,000円	429円	499,571円	13,000	9件	2018-06-15
	家を建てる人に向けた情報サイト	300万円	50,000円	640円	49,360円	67,740	7件	2018-06-14
	男性向け恋愛ノウハウ情報サイト	180万円	28,000円	1,300円	26,700円	82,696	2件	2018-07-24
	脱毛の口コミや体験談をまとめたサイト	30万円	1,691円	1,400円	291円	2,700	8件	2018-07-24
	ドラマ関係のVOD加入を促すサイト	50万円	33,000円	1,080円	31,920円	174,227	17件	2018-07-23
	街コンに特化した情報サイト（2サイトセット）	100万円	36,000円	1,170円	34,830円	3,266	1件	2018-07-23
	介護の有料人材紹介サイト	40万円	2,857円	1,080円	1,777円	4,600	9件	2018-07-19
	格安SIM・格安スマホに特化したアフィリサイト	250万円	106,020円	1,000円	105,020円	6,500	5件	2018-07-19
	ニキビの治療日記ブログ	75万円	27,900円	1,000円	26,900円	8,503	3件	2018-07-17
	【価格変更】脱毛に関する情報サイト	15万円	100円	1,080円	-980円	143	4件	2018-07-10
	【価格変更】特定ジャンルの買取に関する情報サイト	600万円	249,847円	1,500円	248,347円	11,767	3件	2018-06-29
	【価格変更】セルライト除去に関するアフィリサイト	30万円	68,300円	1,000円	67,300円	6,000	9件	2018-05-30
	音楽スクールの比較サイト	1,000万円	440,000円	1,080円	438,920円	30,000	4件	2018-07-10
	雑学や季節ネタ・生活関連テーマ中心の情報サイト	65万円	19,652円	4,300円	15,352円	26,720	15件	2018-07-10
	【価格変更】Instagramで話題のヘアアイロン紹介サイト	70万円	51,845円	2,000円	49,845円	4,367	9件	2018-06-18
	不動産売却ジャンルのアフィリエイトサイト	830万円	299,790円	1,000円	298,790円	15,000	18件	2018-07-06
	子育てママのための総合情報ウェブマガジン	30万円	5,000円	100円	4,900円	10,000	6件	2018-07-06
	女性向けのボディケアに関する情報サイト	80万円	12,400円	3,080円	9,320円	2,900	3件	2018-07-05
	人気ゲームアプリの攻略まとめサイト	60万円	100,509円	4,860円	95,649円	354,224	12件	2018-07-05
	漫画の電子書籍とVODを中心としたトレンドブログ	50万円	32,000円	1,500円	30,500円	60,000	35件	2018-07-04
	UQモバイルとマイネオに特化した情報サイト	18万円	5,000円	1,000円	4,000円	600	5件	2018-07-04
	月間平均90万PVの東北地方に関する釣りメディア	180万円	1,234,334円	987,566円	246,768円	948,220	6件	2018-06-28
	漫画紹介・マンガアプリの紹介サイト	50万円	50,000円	1,080円	48,920円	73,000	10件	2018-08-07
	海外のECサイトをまとめたブログ	360万円	96,568円	972円	95,264円	44,896	2件	2018-08-07
	デオドラントクリーム・ニオイ対策に特化した某ボディソープのサイト（2サイト）	55万円	18,547円	1,080円	17,467円	309	4件	2018-08-06
	Amazon.co.jpのセラーアカウントの売却	40万円	470,895円	365,000円	105,895円	83,084	1件	2018-08-03
	革靴・シューケア用品・ビジネス小物類の紹介サイト	290万円	102,538円	1,195円	101,343円	122,316	2件	2018-08-02
	【価格変更】体験談を含んだ仮想通貨のサイト	70万円	17,336円	1,080円	16,256円	5,078	4件	2018-07-23
	クッションファンデーションの紹介サイト	30万円	6,500円	500円	6,000円	2,400	0件	2018-08-01
	漫画買取のSEOアフィリエイトサイト	350万円	135,640円	16,000円	119,640円	10,988	2件	2018-08-01
	買取に関する総合情報サイト	1,500万円	492,924円	51,000円	441,924円	25,880	1件	2018-08-01
	エンタメ・スポーツ系アドセンスブログ	200万円	102,239円	29,080円	73,159円	340,000	0件	2018-07-31
	女性向け婚活サイト	330万円	170,000円	11,000円	159,000円	19,000	6件	2018-07-31
	仮想通貨に関する情報サイト	300万円	300,000円	297,220円	2,780円	-	1件	2018-07-31
	SNS連携ツール「IFTTT」の日本語訳サイト	25万円	5,305円	986円	4,319円	27,427	5件	2018-07-30
	アウトドア（登山）に特化した情報サイト	85万円	42,788円	1,080円	41,708円	88,046	18件	2018-07-30
	【価格変更】水商売で働く女性のためのサイト	300万円	0円	1,200円	-1,200円	43,528	4件	2018-03-09
	様々な月額サービスの契約見直し方法に関するサイト	350万円	103,600円	100円	103,500円	75,000	2件	2018-07-28
	歯のホワイトニングに関するアフィリエイトサイト	60万円	31,000円	1,080円	29,920円	23,000	18件	2018-07-27
	【価格変更】プログラミングスクールの比較サイト	750万円	386,267円	1,530円	384,737円	10,000	11件	2018-07-17
	家具の無在庫ECサイト	650万円	1,800,000円	1,432,800円	367,200円	22,180	3件	2018-07-26
	【価格変更】漫画紹介・マンガアプリ紹介サイト	180万円	80,000円	2,800円	77,200円	34,000	13件	2018-06-08
	【価格変更】女性向け美容のサイト	150万円	216,037円	1,080円	214,975円	31,184	43件	2018-07-17
	【価格変更】格安SIMを扱ったサイト	28万円	19,824円	1,130円	18,694円	855	12件	2018-07-31
	ネット回線に特化したアフィリエイトサイト	10万円	0円	200円	-200円	3,600	8件	2018-08-27
	【価格変更】ファンデーションに関する情報サイト（2サイト）	250万円	101,926円	2,160円	99,766円	42,350	2件	2018-08-23
	お得情報や話題ニュースなどの情報サイト	2,000万円	1,136,388円	78,240円	1,088,388円	1,086,812	10件	2018-08-21
	株式投資（IPO）に特化した情報サイト	30万円	2,051円	500円	1,551円	4,300	7件	2018-08-20
	PPC広告を使ったアドセンスサイト	300万円	348,100円	178,100円	170,000円	199,700	10件	2018-08-20
	【価格変更】子供の成長サプリメントに特化した情報サイト	170万円	137,150円	1,250円	135,900円	889	3件	2018-07-10
	営業ノウハウに関する情報サイト	20万円	7,397円	1,080円	6,317円	15,153	6件	2018-08-17
	犬の画像や動画をまとめたキュレーションサイト	150万円	76,807円	4,500円	72,307円	230,000	11件	2018-08-16
	野菜の旬や種まきの方法、保存方法などの紹介ブログ	50万円	6,016円	1,080円	4,936円	26,317	7件	2018-08-16
	歯の黄ばみを落とす方法や役立ちグッズの紹介サイト	10万円	13,000円	600円	12,400円	7,300	33件	2018-08-16
	ナイトワークの求人サイト	500万円	200,000円	5,000円	195,000円	8,000	7件	2018-08-13
	PCMAXなど出会い系の体験談をまとめたサイト	4,000万円	2,400,000円	700円	2,399,300円	110,000	8件	2018-08-10
	副業やその他趣味やレビューの体験ブログ	18万円	4,974円	200円	4,774円	4,709	16件	2018-08-10
	【独自情報＆メルマガリスト付き】海外投資の体験サイト	90万円	1,500円	1,080円	420円	3,000	1件	2018-08-09
	失恋をテーマとしたポータルサイト	44万円	64,000円	35,700円	28,300円	1,300	5件	2018-08-09
	自動車の一括査定サービス	44万円	108,000円	97,000円	11,000円	-	9件	2018-08-08
	ドラマ関係のVOD加入を促すサイト	200万円	135,734円	1,080円	134,654円	42,000	13件	2018-08-08
	恋愛の悩み解決やテクニックの紹介サイト	30万円	6,000円	600円	5,400円	344	10件	2018-08-07
	【価格変更】評価130以上の日本アマゾンのセラーアカウント	35万円	50円	5,000円	445,000円	-	4件	2018-08-27
	YouTuberの情報をまとめたサイト	55万円	17,998円	1,080円	16,918円	108,135	8件	2018-09-21
	【価格変更】女性向けマッチングアプリジャンルに関するサイト	90万円	85,766円	31,993円	53,773円	967	9件	2018-09-20
	日常生活で起こるお金が支払えない状況を解決するサイト	8,000万円	2,000,000円	431,000円	1,569,000円	39,428	2件	2018-09-20
	ウイスキーや二日酔いを紹介するサイト	100万円	40,000円	1,400円	38,600円	54,700	7件	2018-09-19
	夢占いに特化したサイト	800万円	400,000円	10,000円	390,000円	500,000	3件	2018-09-18
	【価格変更】結婚式の情報に特化したサイト	40万円	3,000円	600円	2,400円	12,000	2件	2018-09-10
	VOD・動画配信サービスの比較サイト	200万円	92,913円	1,080円	91,833円	44,454	11件	2018-09-14
	【価格変更】脱毛サロンのアフィリエイトサイト	100万円	41,602円	8,133円	33,469円	8,858	8件	2018-08-27
	管理栄養士、栄養士に特化したサイト	250万円	74,416円	800円	73,616円	174,000	6件	2018-09-11
	仮想通貨を扱っているブログ	150万円	250,000円	2,000円	248,000円	20,286	12件	2018-09-10
	医師転職をテーマとしたアフィリエイトサイト	2,500万円	796,000円	1,000円	795,000円	16,418	2件	2018-09-10
	少年サッカーの練習方法や指導ノウハウを集めたサイト	150万円	129,036円	1,213円	127,823円	171,250	12件	2018-09-10
	【価格変更】アイクリームの総合情報サイト	300万円	190,283円	1,000円	189,283円	10,000	2件	2018-07-03
	【価格変更】汗やニオイの悩みを解決するためのサイト	50万円	100,000円	600円	99,400円	41,000	50件	2018-08-16
	スマホ・クレカに特化した情報サイト（3サイトセット）	3,000万円	728,000円	95,000円	633,000円	-	0件	2018-09-05
	【価格変更】婚活ジャンルのアフィリエイトサイト	330万円	141,526円	2,900円	138,626円	9,911	15件	2018-07-10
	ホワイトニングに関する情報サイト	20万円	3,000円	1,000円	2,000円	6,000	1件	2018-09-04
	【価格変更】Amazon.co.jpの小口セラーアカウントの売却	16万円	200,000円	165,000円	35,000円	30,000	11件	2018-08-04
	転職のアフィリエイトサイト	1,650万円	535,000円	1,000円	534,000円	48,000	4件	2018-08-30
	【価格変更】子供や母親向けの手作り情報サイト	1,080万円	566,284円	980円	565,304円	2,600,000	5件	2018-10-09
	【価格変更】男性向けのダイエットや筋トレの情報サイト	190万円	154,000円	3,505円	150,495円	4,243	18件	2018-07-19
	子育て・妊活がメインテーマのサイト	290万円	149,852円	600円	149,252円	148,235	5件	2018-10-09
	コスプレ衣装を提供する通販サイト	490万円	700,000円	423,240円	276,760円	23,000	2件	2018-10-09
	浮気調査に関する情報サイト	820万円	346,000円	1,000円	345,000円	30,000	1件	2018-10-09
	パパ活を中心とした大人の恋愛メディア	150万円	91,828円	1,067円	90,761円	20,098	3件	2018-10-09
	【価格変更】年商1,000万を売り上げた男女向け恋愛・婚活メディア	350万円	554,254円	635円	553,524円	91,316	13件	2018-10-04
	映画・アニメ・漫画などエンタメ系情報サイト	1,480万円	1,151,203円	1,600円	1,149,603円	796,457	2件	2018-10-04
	【価格変更】「〇〇　おすすめ」で数々の検索1位を獲得しているサイト	2,480万円	1,065,491円	230,546円	834,945円	501,289	17件	2018-09-06
	釣りに関する疑問や悩みの解決サイト	150万円	59,708円	1,600円	58,108円	50,813	9件	2018-10-03
	評価241で100%positiveのebayアカウント	45万円	0円	0円	0円	-	1件	2018-10-02
	【価格変更】Amazonアカウント(大口)	80万円	0円	5,000円	-5,000円	-	0件	2018-08-21
	Webクリエイター向けの情報メディア	150万円	9,046円	74,809円	-65,763円	66,302	0件	2018-09-26
	【価格変更】運営期間3年自演リンクなしの引越し一括査定サイト	120万円	60,000円	2,000円	58,000円	-	7件	2018-09-10
	V系（音楽、エンタメ）ニュースメディア	1,000万円	200,000円	1,000円	199,000円	-	0件	2018-09-25
	WiMAX・ポケットWi-Fi・格安SIMの比較サイト	2,500万円	983,865円	2,561円	981,304円	39,722	3件	2018-09-25
	【価格変更】英語学習に関するノウハウ中心の雑記ブログ	140万円	60,950円	1,080円	59,870円	36,000	14件	2018-09-21
	【価格変更】白髪染めに関するアフィリエイトサイト	150万円	80,000円	1,000円	79,000円	20,000	3件	2018-09-03
	【価格変更】復縁の体験談やコラムを集めたサイト	20万円	0円	1,000円	-1,000円	4,288	3件	2018-09-10
	【価格変更】Amazonアメリカの優良なセラーアカウント	68万円	500,000円	5,000円	445,000円	-	3件	2018-08-27
	【価格変更】SIRIUSで作成した洗顔石鹸のレビューサイト	20万円	5,000円	1,000円	4,000円	1,683	4件	2018-09-18
	初心者向けのギター紹介サイト	40万円	20,000円	600円	19,400円	3,274	5件	2018-11-02
	【価格変更】飲食店ユニフォームの販売サイト	3,024万円	2,500,000円	2,030,000円	470,000円	7,000	4件	2018-07-05
	眉毛を生やす方法をまとめているサイト	90万円	46,372円	1,530円	44,842円	2,839	7件	2018-10-30
	【価格変更】探偵事務所のアフィリエイトサイト	120万円	0円	980円	-980円	-	5件	2018-10-29
	【価格変更】消費者金融のアフィリエイトサイト	40万円	81,980円	980円	81,000円	-	7件	2018-10-18
	評価数907件、高評価97%のアマゾンアカウント	25万円	0円	0円	0円	-	4件	2018-10-29
	【価格変更】オリンピックに関する様々な情報を集めたサイト	40万円	8,000円	500円	7,500円	52,000	11件	2018-09-26
	ウェディングドレスの買取＆再販売ビジネス	50万円	100,000円	122,000円	-22,000円	12,000	1件	2018-10-25
	会計事務所の転職アフィリエイトサイト	150万円	97,066円	980円	96,086円	-	8件	2018-10-24
	格安simやスマホのレビューサイト	30万円	5,682円	1,000円	4,682円	20,556	20件	2018-10-23
	【価格変更】格安SIMのLINEモバイルの情報提供サイト	1,880万円	971,000円	1,000円	970,000円	111,000	2件	2018-10-15
	ストリートファイターのまとめサイト	100万円	70,000円	11,000円	59,000円	600,000	4件	2018-10-19
	【価格変更】コンブチャに関するアフィリエイトサイト	150万円	179,737円	980円	178,757円	5,000	14件	2018-10-03
	インフルエンサー募集&問い合わせサイト	250万円	200,000円	83,000円	117,000円	3,000	2件	2018-10-17
	女性向けの恋愛マガジン	300万円	0円	6,000円	-6,000円	50,000	1件	2018-10-16
	悩み系の恋愛メディア	320万円	166,000円	6,000円	160,000円	55,000	3件	2018-10-16
	ノンアダルトチャットレディの仕事やノウハウを紹介したサイト	30万円	4,892円	2,153円	2,739円	2,292	2件	2018-10-15
	Amazonアカウント（小口）	40万円	0円	5,292円	-5,292円	-	0件	2018-10-12
	カードローンのアフィリエイトサイト	200万円	76,133円	621円	75,512円	299	4件	2018-10-11
	Amazonアメリカのセラーアカウント	50万円	0円	0円	0円	-	0件	2018-11-29
	ペットやガーデニング系の情報サイト	15万円	0円	1,000円	-1,000円	4,500	4件	2018-11-29
	運営8年の腕時計ネットショップ	398万円	360,000円	181,000円	179,000円	35,000	3件	2018-11-28
	看護師に関する情報を提供するサイト	50万円	106,443円	1,180円	105,263円	-	16件	2018-11-26
	【価格変更】住宅ローンに関するアフィリエイトサイト	90万円	4,000円	1,800円	2,200円	4,500	11件	2018-03-05
	【価格変更】プログラミングスクールの紹介サイト	80万円	144,000円	1,300円	142,700円	30,000	24件	2018-11-19
	お祭りやイベントのお役立ち情報サイト	28万円	43,800円	1,400円	42,400円	168,323	27件	2018-11-19
	【価格変更】実体験に基づく不動産ブログ	35万円	16,800円	980円	15,820円	5,000	15件	2018-10-24
	髭脱毛の情報サイト	30万円	9,968円	515円	9,453円	2,620	2件	2018-11-15
	お金に関する悩みの解決方法を解説するサイト	4,500万円	2,138,508円	401,080円	1,737,428円	174,382	7件	2018-11-14
	宿便を出すための色々な方法を紹介するサイト	12万円	4,000円	1,000円	3,000円	1,600	3件	2018-11-13
	セックスレスの解消方法に関するサイト	25万円	24,926円	1,000円	23,926円	3,172	15件	2018-11-13
	ドラマ・映画をメインとした雑記サイト	400万円	522,664円	21,000円	501,664円	220,000	19件	2018-11-12
	泥洗顔のレビューサイト	150万円	169,830円	1,200円	168,630円	4,540	38件	2018-11-09
	【価格変更】40代女性ブロガーの雑記サイト	299万円	138,000円	15,100円	122,900円	99,596	11件	2018-10-23
	【価格変更】目のくぼみの改善方法を説明するサイト	60万円	71,400円	1,000円	70,400円	10,365	14件	2018-10-29
	【価格変更】デュエルマスターズ専門のコミュニティサイト	10万円	6,000円	1,000円	5,000円	100,000	12件	2018-06-13
	USアマゾンの出品アカウント	29万円	0円	0円	0円	-	0件	2018-11-05
	芸能人に関する総合情報サイト	180万円	84,667円	1,100円	83,567円	218,542	3件	2018-11-05
	【価格変更】芸能ニュースなどを扱うエンタメサイト	50万円	26,315円	1,100円	25,215円	64,623	7件	2018-11-01
	探偵案件のアフィリエイトサイト（7サイトセット）	45万円	14,727円	2,538円	12,189円	-	3件	2018-12-17
	英会話スクールの比較サイト	2,000万円	853,430円	51,080円	802,350円	57,115	1件	2018-12-17
	人気ブランドの商品紹介ブログ	150万円	64,741円	635円	64,106円	30,394	2件	2018-12-17
	【価格変更】ジャンルを問わないトレンド系メディア	12万円	400円	400円	0円	1,200	1件	2018-11-19
	VR/ARに関する総合情報サイト	250万円	62,500円	1,900円	60,600円	65,711	1件	2018-12-14
	柔軟剤をメインとした洗濯情報サイト	30万円	3,500円	1,200円	2,300円	20,432	7件	2018-12-14
	格安SIMのUQモバイルに特化したサイト	30万円	2,160円	1,000円	1,160円	-	2件	2018-12-14
	全国の花火大会の情報をまとめたサイト	40万円	15,500円	1,287円	14,213円	42,353	11件	2018-12-13
	様々なタイプの有名人をまとめたサイト	15万円	4,454円	1,500円	2,954円	21,032	6件	2018-12-13
	【価格変更】飲む日焼け止めサプリのアフィリサイト	55万円	44,176円	600円	43,576円	9,222	7件	2018-07-17
	【価格変更】保育士の求人サイト	120万円	60,000円	1,000円	59,000円	220,000	8件	2018-12-10
	【価格変更】男性向けの恋愛系情報サイト	300万円	72,875円	833円	72,042円	9,549	7件	2018-12-04
	【価格変更】美容・ダイエット系のアフィリエイトサイト	198万円	150,000円	1,080円	148,920円	8,000	13件	2018-05-02
	観賞魚の飼育に関するサイト	30万円	2,295円	1,080円	1,215円	20,372	18件	2018-12-07
	「商標系×〇〇」などの関連ワードで上位表示しているサイト	2,000万円	1,428,000円	1,200円	14,276,800円	60,810	1件	2018-12-07
	【価格変更】期間工求人を紹介するサイト	130万円	63,000円	1,080円	61,920円	10,252	4件	2018-12-03
	【価格変更】クラウドファンディングのアフィリエイトサイト	900万円	452,000円	980円	451,020円	20,000	2件	2018-10-25
	ハーブティーや紅茶、中国茶などに関する情報サイト	200万円	10,000円	1,200円	8,800円	23,515	2件	2018-12-06
	パチンコ機種の立ち回りや期待値に関するサイト	50万円	15,402円	1,000円	14,402円	30,000	4件	2018-12-06
	FX・バイナリーオプション情報商材のレビューサイト	80万円	60,410円	782円	59,628円	43,224	4件	2018-12-03
	【価格変更】大学生男子に向けたサイト	38万円	3,336円	1,080円	2,256円	16,737	4件	2018-12-18
	ドラマや映画の情報サイト	50万円	40,000円	5,540円	34,460円	20,000	14件	2018-12-28
	海外の秘境・面白スポット・グルメなどの情報サイト	5,000万円	760,000円	1,000円	759,000円	200,000	0件	2018-12-28
	約4万7千人の読者へのメルマガ配信事業	398万円	350,000円	10,000円	340,000円	-	0件	2018-12-28
	仮想通貨のまとめサイト	300万円	200,000円	0円	200,000円	2,000,000	1件	2018-12-26
	セクシー系の男性下着通販サイト	1,000万円	450,000円	325,000円	125,000円	120,000	0件	2018-12-26
	エンタメ系を中心とした情報発信サイト	200万円	132,942円	1,080円	131,862円	424,963	6件	2018-12-26
	ジャンルを問わない雑記ブログ	100万円	89,524円	11,000円	78,524円	100,000	11件	2018-12-26
	【価格変更】SNSやYouTubeなどの解説サイト	270万円	118,719円	1,000円	117,719円	194,648	9件	2018-12-06
	UQモバイルに特化したサイト	8万円	0円	300円	-300円	287	2件	2018-12-25
	【価格変更】看護師派遣に関するアフィリエイトサイト	580万円	329,760円	980円	328,780円	-	16件	2018-11-02
	【価格変更】光回線・WiFi・格安スマホの選び方に関するサイト	590万円	230,456円	1,080円	229,376円	478,529	11件	2018-12-10
	【価格変更】格安スマホのワイモバイルに特化したサイト	150万円	58,173円	300円	57,873円	20,226	7件	2018-12-07
	【価格変更】プロレスに特化したプロレス総合情報サイト	150万円	75,243円	1,215円	74,028円	-	5件	2018-11-28
	革製品を紹介するブログ	20万円	11,781円	1,080円	10,701円	10,998	13件	2018-12-20
	ダイエット系のSEOサイト	180万円	240,000円	1,000円	239,000円	100,000	27件	2018-12-20
	【価格変更】漫画やアニメのまとめサイト	310万円	150,000円	10,000円	140,000円	1,400,000	2件	2018-12-03
	【価格変更】47都道府県の痩身エステに関する情報サイト	200万円	172,408円	1,000円	171,408円	5,000	8件	2018-09-10
	【価格変更】スマホゲームの2chまとめサイト	115万円	50,000円	1,000円	49,000円	300,000	4件	2018-12-03
	VR機器に関する情報サイト	160万円	74,571円	1,085円	73,486円	39,054	3件	2018-12-17
